order_id,customer_id,product_id,quantity,order_date
1001,107,140,2.0,2026-06-06
1002,197,160,3.0,2026-05-14
1003,153,153,1.0,2026-03-08
1004,101,154,1.0,2026-05-07
1005,159,139,4.0,2026-01-01
1006,243,122,4.0,2026-01-07
1007,103,126,3.0,2026-04-02
1008,39,109,2.0,2026-04-24
1009,103,126,2.0,2026-06-19
1010,211,122,1.0,2026-05-18
1011,55,103,1.0,2026-02-16
1012,238,113,5.0,2026-05-28
1013,148,133,1.0,2026-03-30
1014,151,123,3.0,2026-05-30
1015,80,160,3.0,2026-02-01
1016,231,129,1.0,2026-01-05
1017,10,158,1.0,2026-01-11
1018,75,140,3.0,2026-06-29
1019,105,103,1.0,2026-01-15
1020,120,113,2.0,2026-06-20
1021,119,143,5.0,2026-05-12
1022,37,133,3.0,2026-01-27
1023,57,119,4.0,2026-06-06
1024,24,132,1.0,2026-01-27
1025,144,155,1.0,2026-01-26
1026,88,124,1.0,2026-04-15
1027,142,103,1.0,2026-02-22
1028,148,119,1.0,2026-02-22
1029,176,157,5.0,2026-02-05
1030,137,146,1.0,2026-04-20
1031,162,151,3.0,2026-01-05
1032,147,155,2.0,2026-02-14
1033,164,108,2.0,2026-04-11
1034,155,117,1.0,2026-03-30
1035,80,104,1.0,2026-05-07
1036,62,101,2.0,2026-02-09
1037,197,151,1.0,2026-04-28
1038,86,157,3.0,2026-05-18
1039,138,110,1.0,12/03/2026
1040,50,144,1.0,2026-02-16
1041,108,133,3.0,2026-04-11
1042,133,105,2.0,2026-04-15
1043,157,155,1.0,2026-01-18
1044,132,153,5.0,2026-04-13
1045,91,135,1.0,2026-01-28
1046,241,143,5.0,2026-04-13
1047,129,124,3.0,2026-06-18
1048,203,148,5.0,2026-04-08
1049,185,127,5.0,2026-05-18
1050,140,160,1.0,2026-02-26
1051,222,104,4.0,2026-06-17
1052,33,111,1.0,2026-05-28
1053,231,159,2.0,2026-06-15
1054,213,118,1.0,2026-05-15
1055,126,119,2.0,2026-04-28
1056,184,148,4.0,2026-04-06
1057,131,112,2.0,2026-06-18
1058,68,131,1.0,2026-06-03
1059,200,118,1.0,2026-03-17
1060,62,112,4.0,2026-01-16
1061,79,158,2.0,2026-01-01
1062,130,112,2.0,2026-02-12
1063,210,106,2.0,2026-01-12
1064,96,141,1.0,2026-02-08
1065,124,153,2.0,2026-01-20
1066,11,108,3.0,2026-06-27
1067,29,143,,2026-01-18
1068,14,133,2.0,2026-04-24
1069,19,150,5.0,2026-03-05
1070,218,108,4.0,2026-02-01
1071,211,159,1.0,2026-05-07
1072,206,138,2.0,2026-06-25
1073,14,151,2.0,2026-05-24
1074,20,122,1.0,2026-06-26
1075,71,157,1.0,2026-04-17
1076,142,138,4.0,2026-05-02
1077,84,108,1.0,2026-01-27
1078,122,156,1.0,2026-06-04
1079,44,148,1.0,2026-05-16
1080,183,119,1.0,2026-02-15
1081,79,133,1.0,2026-03-06
1082,17,124,1.0,2026-04-21
1083,186,133,4.0,2026-01-03
1084,226,158,4.0,2026-05-29
1085,4,154,2.0,2026-02-20
1086,110,113,2.0,2026-01-14
1087,207,159,5.0,2026-03-01
1088,177,127,4.0,2026-06-01
1089,215,143,1.0,2026-02-19
1090,104,146,5.0,08/04/2026
1091,94,129,1.0,2026-05-27
1092,178,128,1.0,2026-01-07
1093,39,128,2.0,2026-05-18
1094,60,152,3.0,2026-02-22
1095,151,124,1.0,2026-05-06
1096,168,117,1.0,2026-02-04
1097,30,122,1.0,2026-01-26
1098,128,112,2.0,2026-05-23
1099,92,124,5.0,2026-05-27
1100,126,107,1.0,2026-06-27
1101,240,106,1.0,03/05/2026
1102,20,144,1.0,2026-03-26
1103,249,105,1.0,2026-02-05
1104,113,135,1.0,2026-02-23
1105,194,147,2.0,2026-04-28
1106,107,144,2.0,2026-03-04
1107,78,127,2.0,2026-03-29
1108,193,112,4.0,2026-01-31
1109,172,156,2.0,2026-03-21
1110,37,151,1.0,2026-02-13
1111,177,137,2.0,2026-01-21
1112,189,106,1.0,2026-01-24
1113,97,103,4.0,2026-04-04
1114,232,119,1.0,2026-03-08
1115,161,110,1.0,2026-01-19
1116,84,152,3.0,2026-04-04
1117,3,113,2.0,2026-01-30
1118,169,117,1.0,2026-01-03
1119,53,159,3.0,2026-01-24
1120,190,150,1.0,2026-03-23
1121,132,114,4.0,2026-06-22
1122,117,124,4.0,2026-02-13
1123,41,131,1.0,2026-02-21
1124,178,140,2.0,2026-02-13
1125,42,157,2.0,2026-03-06
1126,105,153,3.0,2026-05-10
1127,210,159,1.0,2026-02-28
1128,231,103,,30/04/2026
1129,248,115,1.0,2026-06-12
1130,240,134,3.0,2026-06-21
1131,139,103,1.0,2026-04-12
1132,51,122,2.0,2026-05-10
1133,210,110,3.0,2026-06-16
1134,201,156,5.0,2026-05-23
1135,248,104,1.0,2026-02-24
1136,163,109,1.0,2026-01-24
1137,36,112,3.0,2026-01-21
1138,126,109,1.0,2026-06-09
1139,113,135,1.0,2026-04-11
1140,211,122,5.0,2026-02-23
1141,99,155,4.0,2026-03-04
1142,83,116,3.0,2026-02-20
1143,21,133,4.0,2026-05-26
1144,209,140,1.0,2026-04-21
1145,189,138,1.0,2026-06-09
1146,11,148,1.0,2026-02-24
1147,109,113,1.0,2026-03-27
1148,120,131,5.0,2026-01-23
1149,118,149,1.0,2026-06-25
1150,230,152,2.0,2026-04-03
1151,38,138,4.0,2026-04-11
1152,77,140,3.0,2026-03-16
1153,46,152,1.0,2026-02-19
1154,62,138,2.0,2026-06-21
1155,227,157,2.0,2026-03-30
1156,236,108,4.0,2026-05-03
1157,12,121,2.0,2026-01-07
1158,159,107,1.0,2026-02-19
1159,59,106,4.0,2026-05-26
1160,49,129,5.0,2026-01-16
1161,74,114,2.0,2026-01-19
1162,49,125,1.0,2026-05-27
1163,123,127,2.0,2026-02-25
1164,249,138,5.0,2026-02-19
1165,147,157,5.0,2026-04-13
1166,181,151,2.0,2026-02-05
1167,124,123,1.0,2026-01-08
1168,4,120,2.0,2026-01-01
1169,22,147,4.0,2026-01-15
1170,68,108,5.0,29/01/2026
1171,61,133,1.0,2026-05-06
1172,211,126,1.0,2026-02-23
1173,211,111,2.0,2026-01-13
1174,214,137,1.0,2026-01-03
1175,160,120,5.0,2026-03-28
1176,140,112,1.0,2026-06-02
1177,163,140,3.0,03/03/2026
1178,102,111,5.0,2026-01-12
1179,168,141,3.0,2026-02-11
1180,199,110,4.0,2026-04-01
1181,191,127,1.0,2026-02-04
1182,154,149,4.0,2026-06-27
1183,15,114,2.0,2026-05-19
1184,182,147,1.0,2026-03-04
1185,92,144,1.0,2026-06-22
1186,186,155,1.0,28/02/2026
1187,135,111,2.0,2026-01-26
1188,221,143,1.0,2026-06-19
1189,85,157,2.0,2026-06-23
1190,233,146,2.0,2026-02-26
1191,212,112,1.0,2026-04-18
1192,83,150,3.0,2026-02-01
1193,121,107,1.0,2026-04-27
1194,133,136,4.0,2026-05-05
1195,193,130,1.0,2026-05-09
1196,173,132,4.0,2026-04-13
1197,214,132,1.0,2026-05-08
1198,93,102,1.0,2026-04-11
1199,127,131,1.0,2026-05-29
1200,108,157,4.0,2026-02-02
1201,228,127,4.0,2026-03-29
1202,77,117,1.0,2026-03-17
1203,147,160,2.0,2026-04-07
1204,31,106,2.0,2026-01-26
1205,213,130,1.0,2026-02-28
1206,97,131,2.0,2026-06-22
1207,86,129,3.0,2026-01-20
1208,146,156,5.0,2026-04-25
1209,125,126,4.0,2026-05-01
1210,212,159,1.0,2026-03-27
1211,133,105,1.0,2026-01-07
1212,130,145,2.0,2026-01-07
1213,27,136,1.0,2026-02-19
1214,6,115,2.0,2026-01-19
1215,100,114,1.0,2026-01-18
1216,250,144,1.0,2026-01-29
1217,230,139,1.0,2026-02-04
1218,158,137,1.0,2026-06-01
1219,158,104,4.0,2026-04-26
1220,98,136,1.0,2026-01-06
1221,45,159,5.0,2026-04-24
1222,3,102,1.0,2026-01-25
1223,85,129,1.0,2026-03-18
1224,80,130,1.0,2026-01-07
1225,48,154,3.0,2026-01-17
1226,65,117,1.0,2026-01-24
1227,7,129,1.0,2026-03-20
1228,152,144,4.0,2026-03-25
1229,232,104,2.0,2026-03-05
1230,173,149,1.0,2026-04-23
1231,113,150,4.0,2026-05-11
1232,106,144,4.0,2026-05-12
1233,77,139,1.0,2026-04-15
1234,36,145,2.0,2026-04-09
1235,150,147,1.0,2026-03-30
1236,142,155,1.0,2026-02-13
1237,2,126,2.0,2026-03-30
1238,104,128,1.0,2026-01-02
1239,70,139,5.0,2026-06-24
1240,43,112,5.0,2026-03-08
1241,176,152,1.0,2026-05-17
1242,132,147,2.0,2026-06-23
1243,159,138,1.0,2026-03-31
1244,179,119,2.0,2026-06-05
1245,246,121,1.0,2026-03-28
1246,201,127,2.0,2026-01-24
1247,156,140,2.0,2026-01-05
1248,220,147,2.0,2026-01-25
1249,120,141,2.0,2026-06-20
1250,247,156,1.0,2026-03-27
1251,191,158,4.0,2026-02-27
1252,163,143,3.0,2026-03-22
1253,226,123,4.0,2026-02-16
1254,129,136,2.0,2026-06-07
1255,181,126,5.0,2026-06-30
1256,72,138,2.0,2026-01-16
1257,241,149,4.0,2026-05-11
1258,156,123,1.0,2026-03-02
1259,196,131,1.0,2026-01-09
1260,116,103,2.0,2026-06-16
1261,217,145,2.0,2026-01-12
1262,19,130,3.0,07/02/2026
1263,29,128,1.0,2026-01-05
1264,127,132,4.0,2026-03-27
1265,184,113,1.0,2026-04-19
1266,203,136,2.0,28/02/2026
1267,111,145,5.0,13/01/2026
1268,163,121,2.0,2026-01-22
1269,139,108,3.0,2026-06-18
1270,241,124,5.0,26/05/2026
1271,164,112,5.0,2026-06-19
1272,105,123,2.0,2026-04-07
1273,243,138,2.0,2026-04-09
1274,27,107,1.0,2026-05-23
1275,247,145,2.0,2026-04-22
1276,39,114,5.0,2026-03-20
1277,73,154,2.0,2026-02-22
1278,206,144,1.0,2026-03-29
1279,184,117,1.0,2026-01-12
1280,243,134,2.0,2026-02-04
1281,188,107,1.0,2026-05-14
1282,160,106,5.0,2026-06-07
1283,87,158,2.0,2026-01-19
1284,2,149,1.0,2026-01-18
1285,31,110,1.0,2026-01-16
1286,75,117,4.0,2026-05-24
1287,11,112,5.0,2026-02-26
1288,128,124,4.0,2026-03-01
1289,195,118,1.0,2026-01-03
1290,241,120,1.0,26/06/2026
1291,123,132,1.0,2026-03-20
1292,219,112,4.0,2026-05-25
1293,247,153,4.0,2026-05-09
1294,215,144,4.0,2026-01-26
1295,117,146,1.0,2026-05-26
1296,82,111,1.0,2026-04-10
1297,245,143,5.0,2026-04-20
1298,61,151,5.0,2026-02-06
1299,103,111,3.0,2026-06-03
1300,19,146,1.0,2026-06-18
1301,199,122,1.0,2026-03-15
1302,163,148,1.0,2026-01-17
1303,22,129,3.0,2026-06-03
1304,56,149,4.0,2026-06-10
1305,139,109,3.0,2026-04-02
1306,136,124,1.0,2026-04-15
1307,201,117,4.0,2026-02-10
1308,67,115,1.0,2026-01-13
1309,232,119,4.0,2026-06-20
1310,112,123,5.0,2026-03-29
1311,206,108,3.0,2026-02-19
1312,60,143,5.0,06/05/2026
1313,10,134,2.0,2026-01-05
1314,14,150,2.0,2026-01-15
1315,94,143,1.0,2026-02-13
1316,239,109,5.0,2026-03-23
1317,13,105,3.0,2026-03-08
1318,93,126,1.0,2026-02-03
1319,28,129,5.0,2026-03-05
1320,233,115,1.0,2026-03-02
1321,169,147,2.0,2026-04-05
1322,191,135,1.0,2026-04-12
1323,179,145,3.0,2026-06-09
1324,165,107,2.0,2026-05-27
1325,194,149,2.0,2026-02-22
1326,3,113,3.0,2026-06-13
1327,217,127,4.0,2026-04-05
1328,185,127,2.0,03/02/2026
1329,185,150,5.0,2026-03-03
1330,99,117,2.0,2026-05-15
1331,201,115,1.0,2026-05-29
1332,96,121,1.0,2026-03-09
1333,13,122,1.0,2026-01-29
1334,227,111,3.0,2026-02-04
1335,59,111,2.0,2026-01-19
1336,26,114,1.0,2026-05-07
1337,156,129,2.0,2026-04-02
1338,59,121,4.0,2026-03-23
1339,215,124,2.0,2026-05-02
1340,111,144,1.0,2026-05-30
1341,2,115,1.0,2026-05-24
1342,238,155,2.0,2026-01-25
1343,129,146,2.0,2026-04-17
1344,66,111,4.0,2026-06-09
1345,170,119,2.0,2026-05-21
1346,133,112,4.0,2026-03-01
1347,8,117,2.0,2026-03-13
1348,190,122,1.0,2026-06-11
1349,101,108,3.0,2026-01-06
1350,175,101,2.0,2026-04-06
1351,224,127,3.0,2026-01-22
1352,153,143,1.0,2026-06-11
1353,168,119,3.0,08/01/2026
1354,64,152,1.0,2026-01-05
1355,60,123,4.0,2026-03-01
1356,104,155,4.0,2026-02-06
1357,214,115,2.0,2026-03-31
1358,132,133,5.0,2026-02-24
1359,88,146,2.0,2026-03-06
1360,195,104,1.0,2026-04-13
1361,214,156,2.0,2026-04-12
1362,226,122,4.0,2026-06-19
1363,75,130,1.0,2026-03-28
1364,178,138,1.0,2026-04-13
1365,148,139,1.0,2026-05-03
1366,113,102,4.0,2026-02-01
1367,100,153,2.0,2026-05-01
1368,29,138,5.0,2026-06-06
1369,69,160,4.0,2026-02-27
1370,138,129,2.0,2026-02-02
1371,222,137,3.0,2026-03-04
1372,217,127,1.0,2026-02-19
1373,47,154,1.0,2026-04-16
1374,170,150,,2026-06-06
1375,22,155,2.0,2026-04-18
1376,169,131,1.0,2026-01-23
1377,86,148,1.0,2026-02-26
1378,113,122,1.0,05/05/2026
1379,180,128,3.0,2026-03-01
1380,107,146,5.0,2026-04-17
1381,202,105,4.0,2026-05-06
1382,134,143,2.0,2026-03-01
1383,250,101,2.0,2026-04-28
1384,160,135,5.0,2026-03-14
1385,75,129,2.0,2026-01-25
1386,194,129,1.0,09/03/2026
1387,102,130,1.0,2026-03-21
1388,134,130,3.0,2026-01-01
1389,35,125,2.0,2026-06-11
1390,30,128,4.0,2026-04-06
1391,144,135,4.0,2026-01-07
1392,47,146,1.0,2026-06-07
1393,250,134,3.0,2026-06-04
1394,214,139,1.0,2026-01-03
1395,176,151,2.0,2026-01-30
1396,184,160,1.0,2026-03-07
1397,149,107,1.0,2026-04-02
1398,16,143,1.0,2026-05-12
1399,99,114,1.0,2026-03-18
1400,124,112,4.0,2026-04-21
1401,229,148,1.0,2026-01-02
1402,55,105,2.0,2026-04-30
1403,125,151,1.0,2026-06-15
1404,87,147,1.0,2026-04-06
1405,34,160,1.0,2026-03-24
1406,26,141,5.0,2026-02-23
1407,92,153,5.0,2026-06-22
1408,21,108,2.0,2026-01-07
1409,17,154,2.0,2026-02-21
1410,88,110,5.0,2026-01-26
1411,51,119,1.0,2026-06-06
1412,139,108,5.0,2026-03-29
1413,5,125,1.0,2026-06-16
1414,76,145,1.0,2026-05-01
1415,114,117,1.0,2026-04-11
1416,241,150,,2026-04-04
1417,159,137,4.0,2026-02-06
1418,221,138,4.0,2026-04-12
1419,86,157,2.0,2026-05-05
1420,113,126,4.0,2026-06-24
1421,106,121,4.0,2026-04-10
1422,222,160,4.0,2026-06-19
1423,240,134,4.0,2026-06-20
1424,241,137,2.0,2026-04-05
1425,188,118,1.0,2026-03-21
1426,126,113,5.0,2026-01-26
1427,136,111,2.0,2026-02-18
1428,246,114,5.0,2026-06-09
1429,72,112,5.0,2026-01-26
1430,87,145,1.0,2026-03-13
1431,225,104,2.0,2026-05-07
1432,97,138,1.0,2026-02-13
1433,59,157,1.0,2026-06-26
1434,141,146,5.0,2026-04-28
1435,82,125,5.0,2026-01-06
1436,223,104,5.0,2026-02-14
1437,228,151,5.0,2026-05-15
1438,77,101,3.0,2026-06-06
1439,133,141,2.0,2026-06-17
1440,246,141,5.0,2026-06-04
1441,186,112,2.0,2026-01-14
1442,54,145,3.0,2026-05-13
1443,148,111,1.0,2026-01-20
1444,155,114,3.0,2026-01-14
1445,164,149,4.0,2026-05-06
1446,7,159,3.0,2026-03-28
1447,75,116,2.0,2026-04-28
1448,214,156,1.0,2026-06-04
1449,61,155,1.0,2026-01-13
1450,75,147,3.0,2026-04-06
1451,81,109,3.0,2026-06-01
1452,45,118,4.0,2026-03-21
1453,39,141,5.0,2026-04-05
1454,87,160,2.0,2026-04-01
1455,219,149,4.0,2026-06-14
1456,1,126,3.0,2026-01-10
1457,71,115,1.0,2026-06-08
1458,16,158,4.0,2026-05-28
1459,141,117,1.0,2026-05-28
1460,63,121,2.0,2026-03-16
1461,198,158,5.0,2026-04-04
1462,147,134,3.0,2026-03-08
1463,196,116,5.0,2026-02-15
1464,159,101,1.0,2026-06-08
1465,110,126,2.0,2026-04-02
1466,216,160,4.0,2026-05-11
1467,120,126,3.0,2026-01-19
1468,238,142,5.0,2026-05-23
1469,249,116,2.0,2026-04-30
1470,148,147,3.0,2026-06-30
1471,169,147,2.0,2026-01-25
1472,64,137,4.0,2026-04-08
1473,204,147,1.0,2026-04-03
1474,168,135,1.0,2026-04-08
1475,226,123,1.0,10/01/2026
1476,67,145,3.0,2026-03-27
1477,197,151,1.0,2026-02-24
1478,118,151,1.0,2026-04-22
1479,47,113,4.0,2026-02-12
1480,43,141,1.0,2026-03-20
1481,141,101,1.0,2026-04-23
1482,80,135,1.0,12/01/2026
1483,26,135,1.0,2026-05-23
1484,107,122,5.0,2026-05-10
1485,164,160,2.0,2026-01-11
1486,80,153,5.0,2026-01-12
1487,239,103,1.0,2026-06-03
1488,195,113,1.0,2026-02-21
1489,129,113,1.0,2026-06-05
1490,234,154,2.0,2026-04-01
1491,109,132,2.0,2026-03-03
1492,35,144,4.0,2026-02-19
1493,9,149,1.0,2026-04-30
1494,235,147,4.0,2026-01-20
1495,240,106,3.0,2026-03-14
1496,185,109,1.0,2026-03-04
1497,26,124,5.0,2026-01-28
1498,74,121,2.0,2026-03-05
1499,11,145,1.0,2026-04-06
1500,13,110,5.0,2026-05-03
1501,62,123,5.0,2026-01-16
1502,144,115,1.0,2026-06-07
1503,17,112,5.0,2026-06-09
1504,247,111,5.0,2026-05-06
1505,114,112,4.0,2026-06-17
1506,66,134,1.0,2026-03-19
1507,130,125,3.0,2026-05-29
1508,198,127,2.0,2026-05-12
1509,79,129,2.0,12/04/2026
1510,12,145,2.0,2026-02-02
1511,13,152,3.0,2026-04-11
1512,213,132,2.0,2026-06-13
1513,28,139,3.0,2026-06-28
1514,159,145,2.0,2026-03-23
1515,97,142,1.0,2026-02-14
1516,195,109,1.0,2026-05-16
1517,16,159,5.0,2026-01-14
1518,225,110,5.0,28/01/2026
1519,175,125,2.0,2026-04-12
1520,113,140,1.0,2026-06-29
1521,52,125,4.0,2026-03-01
1522,245,115,1.0,22/03/2026
1523,76,156,2.0,2026-02-28
1524,123,105,1.0,2026-03-21
1525,99,115,1.0,2026-01-02
1526,58,160,4.0,2026-04-18
1527,105,144,2.0,2026-04-18
1528,38,106,1.0,2026-02-27
1529,1,146,2.0,2026-02-17
1530,73,159,1.0,2026-05-18
1531,29,106,2.0,2026-02-04
1532,104,125,2.0,2026-01-09
1533,216,129,1.0,2026-01-08
1534,41,108,4.0,2026-06-09
1535,1,113,1.0,2026-03-07
1536,28,111,1.0,2026-01-19
1537,128,112,2.0,2026-06-09
1538,69,125,5.0,27/01/2026
1539,123,128,2.0,2026-03-02
1540,8,115,1.0,2026-01-04
1541,84,118,5.0,2026-05-03
1542,103,112,2.0,2026-05-07
1543,108,148,1.0,17/05/2026
1544,138,113,2.0,2026-02-17
1545,196,155,1.0,2026-03-01
1546,117,133,5.0,2026-06-19
1547,211,149,1.0,2026-05-29
1548,133,139,2.0,2026-01-07
1549,66,116,2.0,2026-05-06
1550,58,137,1.0,2026-05-28
1551,81,117,2.0,2026-04-12
1552,150,108,1.0,2026-04-26
1553,61,116,3.0,2026-01-01
1554,229,117,4.0,2026-01-06
1555,120,109,5.0,2026-01-07
1556,216,102,1.0,2026-01-29
1557,171,157,1.0,29/06/2026
1558,84,131,2.0,2026-04-25
1559,58,125,3.0,2026-05-22
1560,186,156,5.0,2026-02-23
1561,83,114,1.0,2026-06-19
1562,62,125,1.0,2026-02-06
1563,233,151,1.0,13/06/2026
1564,121,138,1.0,2026-01-06
1565,13,124,2.0,2026-01-04
1566,124,116,4.0,2026-01-15
1567,116,103,1.0,2026-05-24
1568,216,106,4.0,2026-02-16
1569,178,110,2.0,23/03/2026
1570,48,148,2.0,2026-03-27
1571,38,139,3.0,2026-05-23
1572,151,127,1.0,2026-03-05
1573,12,147,3.0,02/01/2026
1574,80,110,1.0,2026-03-11
1575,35,113,2.0,2026-02-22
1576,6,124,3.0,13/05/2026
1577,230,156,2.0,2026-05-16
1578,23,137,1.0,2026-01-17
1579,3,152,2.0,2026-05-24
1580,234,115,2.0,13/01/2026
1581,48,151,1.0,2026-04-23
1582,205,105,3.0,2026-03-12
1583,8,114,1.0,2026-02-24
1584,39,132,2.0,2026-03-29
1585,28,104,3.0,2026-02-26
1586,177,152,1.0,2026-05-24
1587,156,153,5.0,2026-06-24
1588,119,133,2.0,2026-05-28
1589,61,119,1.0,2026-03-21
1590,23,106,3.0,02/04/2026
1591,143,138,2.0,2026-03-22
1592,58,133,3.0,2026-05-24
1593,148,146,4.0,2026-04-10
1594,172,137,2.0,2026-03-26
1595,213,108,4.0,2026-03-16
1596,124,108,1.0,2026-03-09
1597,2,147,2.0,2026-04-11
1598,71,110,1.0,2026-05-05
1599,214,157,2.0,2026-03-20
1600,134,107,1.0,2026-05-27
1601,155,144,3.0,2026-05-30
1602,115,159,4.0,2026-03-19
1603,41,127,4.0,2026-06-14
1604,225,104,5.0,2026-02-01
1605,194,153,1.0,2026-06-18
1606,249,112,1.0,2026-02-23
1607,214,132,5.0,2026-04-13
1608,73,160,2.0,2026-02-21
1609,64,145,1.0,2026-03-22
1610,63,103,1.0,03/03/2026
1611,230,150,4.0,2026-05-08
1612,140,110,1.0,2026-01-15
1613,114,145,1.0,2026-06-01
1614,243,138,3.0,2026-06-13
1615,151,118,1.0,2026-04-12
1616,228,126,1.0,2026-04-10
1617,247,108,1.0,2026-05-07
1618,20,160,2.0,2026-02-06
1619,91,115,2.0,2026-05-16
1620,184,119,4.0,2026-02-09
1621,204,131,1.0,2026-05-03
1622,38,141,1.0,2026-02-25
1623,80,131,1.0,2026-05-16
1624,138,131,1.0,2026-05-24
1625,200,135,2.0,2026-02-07
1626,29,152,1.0,2026-04-22
1627,151,124,2.0,2026-04-01
1628,75,150,4.0,2026-02-23
1629,55,148,4.0,2026-04-17
1630,129,158,3.0,2026-06-29
1631,104,155,5.0,2026-01-01
1632,159,148,4.0,2026-06-23
1633,80,115,3.0,2026-06-04
1634,206,147,4.0,2026-04-06
1635,20,145,1.0,2026-04-21
1636,216,118,4.0,2026-03-08
1637,8,141,1.0,2026-01-24
1638,184,116,3.0,2026-04-14
1639,87,132,5.0,28/05/2026
1640,96,148,2.0,2026-02-11
1641,5,112,1.0,2026-05-10
1642,176,121,1.0,2026-05-16
1643,42,148,2.0,2026-05-18
1644,165,128,5.0,2026-03-03
1645,182,158,5.0,2026-03-12
1646,212,101,2.0,2026-03-17
1647,178,144,5.0,2026-06-04
1648,76,149,2.0,2026-06-12
1649,185,156,2.0,2026-03-16
1650,207,110,4.0,2026-06-25
1651,80,160,3.0,2026-04-14
1652,32,124,2.0,2026-03-11
1653,223,122,2.0,2026-01-01
1654,37,122,3.0,2026-04-21
1655,149,139,4.0,2026-04-27
1656,60,140,2.0,2026-06-25
1657,32,129,1.0,2026-05-10
1658,195,105,1.0,2026-01-06
1659,36,160,1.0,2026-04-13
1660,168,114,2.0,2026-05-15
1661,174,106,2.0,2026-03-31
1662,16,136,4.0,2026-03-19
1663,44,125,1.0,2026-05-27
1664,199,137,4.0,2026-04-21
1665,127,153,3.0,2026-05-04
1666,31,106,1.0,2026-03-26
1667,248,118,1.0,2026-02-20
1668,67,131,1.0,2026-04-04
1669,2,148,5.0,2026-06-23
1670,232,137,5.0,2026-04-20
1671,5,123,4.0,2026-05-09
1672,139,137,2.0,2026-01-23
1673,249,159,2.0,2026-06-28
1674,145,129,1.0,2026-02-14
1675,147,154,4.0,2026-06-25
1676,98,147,1.0,2026-03-22
1677,32,119,1.0,2026-06-16
1678,144,115,1.0,2026-06-11
1679,225,147,2.0,2026-05-17
1680,23,113,1.0,2026-06-15
1681,221,121,1.0,2026-04-21
1682,104,115,2.0,2026-06-03
1683,135,137,4.0,2026-02-01
1684,42,118,2.0,2026-01-13
1685,156,140,4.0,2026-04-09
1686,46,157,5.0,2026-05-27
1687,69,150,5.0,2026-05-19
1688,181,157,1.0,2026-04-06
1689,13,102,5.0,2026-04-05
1690,112,128,5.0,2026-04-21
1691,149,114,5.0,2026-06-07
1692,34,156,1.0,2026-06-02
1693,74,143,1.0,2026-01-20
1694,86,120,2.0,2026-04-18
1695,166,134,5.0,2026-03-10
1696,245,137,5.0,2026-05-25
1697,210,130,2.0,2026-04-02
1698,48,129,1.0,2026-06-29
1699,5,104,2.0,2026-03-20
1700,13,128,3.0,2026-05-03
1701,149,121,2.0,2026-01-20
1702,40,150,1.0,2026-06-18
1703,58,152,1.0,2026-01-28
1704,212,146,1.0,2026-03-10
1705,219,102,1.0,2026-06-01
1706,210,151,3.0,2026-06-25
1707,64,124,1.0,2026-03-29
1708,155,125,5.0,2026-03-29
1709,153,157,1.0,2026-01-09
1710,47,153,2.0,2026-06-27
1711,139,104,2.0,2026-01-03
1712,132,122,4.0,2026-01-05
1713,100,145,5.0,2026-03-27
1714,188,133,2.0,2026-01-01
1715,170,116,3.0,2026-01-30
1716,134,132,3.0,2026-04-24
1717,182,152,2.0,2026-05-08
1718,191,114,1.0,2026-02-23
1719,142,145,2.0,2026-05-24
1720,67,145,1.0,2026-04-20
1721,190,154,2.0,2026-02-11
1722,180,118,2.0,2026-05-09
1723,246,113,1.0,2026-04-18
1724,38,133,1.0,2026-05-27
1725,105,132,4.0,2026-01-28
1726,232,125,2.0,2026-02-11
1727,129,147,1.0,2026-02-24
1728,236,148,3.0,2026-03-03
1729,4,115,3.0,2026-06-10
1730,9,148,4.0,2026-05-13
1731,200,114,4.0,2026-04-09
1732,90,125,5.0,2026-04-08
1733,131,102,2.0,2026-06-10
1734,108,121,1.0,2026-03-22
1735,102,158,4.0,2026-02-10
1736,235,127,1.0,2026-01-25
1737,24,143,1.0,2026-03-01
1738,194,107,,2026-04-29
1739,223,139,5.0,2026-03-27
1740,165,123,1.0,2026-03-18
1741,99,145,3.0,2026-03-28
1742,41,156,5.0,2026-06-26
1743,171,132,4.0,2026-06-30
1744,118,107,1.0,2026-01-30
1745,38,129,3.0,2026-01-21
1746,90,108,1.0,2026-02-14
1747,241,127,4.0,2026-06-04
1748,67,104,1.0,2026-03-25
1749,45,139,5.0,2026-06-06
1750,171,119,1.0,28/04/2026
1751,50,113,2.0,2026-04-11
1752,230,102,1.0,2026-02-20
1753,215,154,4.0,2026-03-04
1754,246,151,2.0,2026-01-27
1755,229,149,3.0,2026-04-04
1756,61,104,1.0,2026-02-20
1757,54,121,2.0,2026-02-22
1758,86,159,5.0,2026-01-08
1759,118,135,5.0,2026-05-25
1760,220,108,1.0,2026-06-20
1761,184,109,2.0,2026-04-01
1762,162,116,2.0,2026-04-08
1763,220,159,2.0,2026-06-17
1764,162,111,2.0,2026-04-03
1765,95,155,1.0,2026-04-23
1766,104,141,4.0,2026-03-19
1767,130,156,1.0,04/04/2026
1768,23,150,1.0,2026-04-05
1769,186,120,4.0,2026-05-09
1770,164,150,3.0,2026-04-20
1771,183,111,2.0,2026-04-02
1772,134,118,5.0,2026-01-14
1773,196,113,2.0,2026-06-13
1774,238,108,2.0,2026-06-10
1775,143,106,1.0,2026-02-03
1776,112,112,1.0,2026-02-23
1777,27,108,2.0,2026-06-26
1778,195,123,2.0,28/02/2026
1779,226,105,4.0,28/05/2026
1780,175,104,2.0,2026-05-23
1781,217,160,5.0,2026-06-05
1782,216,106,2.0,2026-01-03
1783,200,105,1.0,2026-03-29
1784,126,102,3.0,2026-04-13
1785,25,108,2.0,2026-06-01
1786,1,132,2.0,2026-02-10
1787,52,150,2.0,2026-02-25
1788,108,145,1.0,2026-02-02
1789,186,135,2.0,2026-05-18
1790,114,106,2.0,2026-06-30
1791,6,147,2.0,2026-01-26
1792,53,103,1.0,2026-02-12
1793,245,138,2.0,2026-02-25
1794,248,125,2.0,2026-06-10
1795,95,153,2.0,2026-03-22
1796,202,119,1.0,2026-02-21
1797,180,139,2.0,2026-02-28
1798,233,127,1.0,2026-04-19
1799,222,132,2.0,2026-03-12
1800,158,157,1.0,2026-01-26
1801,99,143,2.0,2026-05-29
1802,157,125,4.0,2026-03-18
1803,80,127,4.0,2026-02-16
1804,88,143,3.0,2026-05-12
1805,153,121,3.0,2026-05-15
1806,143,111,1.0,2026-01-29
1807,146,129,1.0,2026-01-14
1808,97,105,3.0,2026-01-09
1809,103,111,4.0,2026-05-19
1810,3,126,2.0,2026-04-24
1811,151,148,4.0,2026-05-24
1812,144,147,1.0,2026-04-24
1813,234,116,,14/03/2026
1814,127,126,1.0,2026-04-17
1815,117,110,2.0,2026-05-11
1816,17,146,3.0,2026-03-14
1817,50,115,1.0,2026-06-15
1818,85,148,4.0,2026-06-12
1819,95,151,3.0,2026-05-25
1820,91,142,1.0,2026-06-29
1821,99,120,1.0,2026-03-12
1822,193,158,3.0,2026-01-21
1823,33,142,3.0,2026-03-29
1824,84,139,1.0,2026-05-16
1825,41,152,1.0,2026-05-22
1826,77,153,2.0,2026-03-12
1827,172,105,2.0,2026-02-22
1828,12,153,1.0,2026-03-22
1829,85,146,5.0,2026-05-26
1830,6,113,2.0,2026-01-11
1831,239,119,2.0,2026-03-01
1832,182,146,1.0,2026-02-11
1833,61,113,5.0,2026-05-26
1834,50,128,1.0,2026-03-27
1835,25,142,5.0,16/01/2026
1836,119,140,2.0,17/02/2026
1837,189,155,4.0,2026-01-09
1838,147,107,1.0,2026-03-28
1839,221,118,1.0,2026-06-30
1840,86,160,4.0,2026-04-13
1841,70,135,4.0,2026-06-07
1842,120,115,2.0,2026-05-15
1843,51,118,1.0,2026-06-09
1844,244,121,5.0,2026-02-26
1845,47,134,2.0,2026-06-22
1846,120,118,5.0,2026-02-13
1847,131,138,4.0,2026-03-21
1848,15,127,4.0,2026-05-04
1849,118,137,3.0,2026-02-21
1850,114,110,3.0,2026-02-17
1851,65,138,2.0,2026-01-24
1852,32,156,1.0,2026-01-01
1853,12,109,2.0,2026-04-01
1854,3,120,3.0,2026-06-28
1855,121,142,4.0,2026-02-09
1856,23,138,2.0,2026-03-21
1857,240,141,3.0,2026-06-19
1858,62,134,1.0,2026-05-20
1859,164,141,2.0,2026-01-01
1860,169,137,2.0,2026-04-01
1861,124,105,5.0,2026-01-26
1862,221,146,1.0,2026-02-14
1863,28,127,1.0,2026-02-14
1864,59,104,1.0,2026-04-21
1865,64,125,1.0,2026-02-06
1866,34,127,2.0,2026-02-15
1867,74,106,3.0,2026-02-10
1868,79,160,4.0,2026-03-06
1869,192,114,5.0,2026-04-29
1870,76,120,1.0,2026-03-14
1871,220,127,1.0,2026-03-01
1872,194,150,1.0,2026-04-04
1873,226,145,1.0,2026-04-22
1874,27,147,4.0,2026-01-03
1875,247,115,1.0,11/06/2026
1876,154,151,1.0,2026-06-15
1877,246,150,4.0,2026-04-20
1878,89,128,5.0,2026-04-15
1879,239,133,1.0,2026-05-06
1880,148,103,1.0,2026-03-21
1881,18,146,2.0,2026-03-08
1882,103,158,2.0,2026-03-05
1883,35,129,5.0,2026-01-29
1884,236,133,2.0,2026-06-02
1885,77,130,1.0,2026-02-28
1886,56,105,2.0,2026-02-21
1887,139,138,2.0,2026-06-24
1888,107,144,2.0,2026-04-02
1889,25,156,2.0,2026-04-23
1890,205,156,5.0,2026-02-14
1891,212,130,4.0,2026-02-20
1892,186,158,1.0,2026-05-12
1893,155,132,1.0,2026-03-23
1894,101,139,3.0,2026-01-27
1895,136,137,2.0,2026-06-01
1896,131,160,2.0,2026-03-14
1897,42,145,1.0,2026-05-01
1898,21,108,1.0,2026-03-03
1899,64,105,3.0,12/04/2026
1900,114,125,4.0,2026-05-21
1901,41,131,4.0,2026-06-10
1902,27,141,1.0,2026-02-07
1903,213,129,1.0,2026-05-02
1904,94,131,1.0,2026-06-15
1905,147,156,2.0,2026-04-27
1906,132,121,2.0,26/01/2026
1907,184,130,5.0,2026-02-04
1908,185,134,5.0,2026-02-06
1909,75,129,1.0,2026-01-20
1910,212,159,3.0,2026-05-17
1911,93,158,1.0,2026-06-24
1912,209,131,1.0,2026-04-04
1913,102,128,2.0,2026-04-19
1914,28,136,1.0,2026-05-21
1915,191,111,1.0,2026-03-17
1916,8,126,2.0,2026-03-27
1917,194,114,1.0,2026-04-17
1918,11,109,2.0,2026-02-25
1919,52,106,2.0,2026-01-12
1920,151,136,4.0,2026-04-13
1921,236,101,1.0,2026-05-29
1922,103,139,1.0,2026-01-14
1923,31,126,2.0,2026-02-09
1924,59,122,1.0,2026-02-17
1925,225,147,3.0,2026-05-26
1926,182,133,1.0,2026-04-02
1927,26,145,2.0,07/04/2026
1928,97,143,5.0,2026-04-27
1929,67,102,1.0,2026-02-20
1930,45,113,1.0,2026-05-10
1931,212,135,4.0,2026-01-06
1932,155,159,2.0,2026-01-21
1933,45,110,1.0,2026-05-28
1934,163,107,1.0,2026-04-30
1935,104,157,4.0,2026-02-01
1936,16,159,4.0,2026-03-21
1937,113,111,1.0,2026-01-10
1938,47,125,2.0,2026-05-02
1939,62,138,4.0,17/05/2026
1940,220,112,1.0,2026-02-20
1941,178,120,1.0,2026-03-05
1942,34,124,4.0,2026-02-12
1943,213,139,1.0,2026-03-12
1944,144,119,4.0,2026-02-19
1945,219,125,2.0,2026-02-14
1946,187,118,5.0,2026-03-19
1947,85,146,1.0,2026-06-05
1948,134,110,5.0,2026-05-19
1949,133,114,1.0,2026-02-23
1950,180,115,1.0,2026-06-20
1951,63,155,3.0,2026-02-08
1952,84,157,2.0,2026-06-14
1953,62,131,4.0,2026-02-25
1954,75,110,1.0,2026-04-08
1955,41,146,1.0,2026-02-06
1956,10,130,2.0,2026-05-18
1957,236,151,5.0,2026-02-27
1958,19,122,2.0,2026-06-07
1959,222,160,4.0,2026-01-16
1960,1,149,5.0,2026-04-01
1961,195,114,4.0,2026-01-29
1962,83,144,2.0,2026-06-10
1963,130,118,3.0,2026-03-17
1964,71,121,2.0,2026-05-03
1965,123,116,3.0,2026-06-09
1966,113,141,2.0,2026-04-07
1967,133,116,2.0,2026-01-11
1968,99,139,2.0,2026-02-09
1969,135,135,3.0,2026-02-08
1970,207,146,4.0,2026-06-15
1971,109,160,5.0,2026-06-14
1972,91,101,2.0,2026-03-28
1973,33,160,1.0,2026-06-11
1974,90,107,2.0,2026-02-14
1975,32,132,1.0,2026-05-03
1976,46,121,1.0,2026-03-12
1977,239,139,1.0,2026-02-13
1978,23,144,2.0,2026-02-15
1979,121,152,5.0,2026-03-17
1980,209,125,2.0,2026-03-03
1981,239,156,2.0,2026-02-08
1982,37,120,1.0,2026-03-02
1983,41,113,3.0,2026-01-24
1984,94,123,1.0,2026-06-25
1985,139,132,4.0,2026-03-10
1986,240,141,4.0,2026-01-20
1987,52,150,5.0,2026-04-15
1988,42,114,1.0,2026-06-09
1989,64,119,1.0,07/03/2026
1990,219,157,1.0,2026-06-02
1991,8,127,4.0,2026-04-21
1992,96,115,1.0,2026-05-14
1993,30,160,5.0,23/02/2026
1994,40,127,1.0,2026-01-07
1995,230,160,1.0,2026-03-04
1996,1,156,1.0,2026-06-17
1997,81,155,4.0,2026-05-24
1998,229,135,2.0,2026-05-22
1999,153,148,1.0,2026-06-08
2000,18,158,3.0,2026-03-09
2001,117,117,3.0,2026-02-28
2002,243,103,2.0,2026-06-17
2003,101,120,2.0,2026-04-14
2004,133,139,1.0,2026-02-23
2005,133,133,1.0,2026-02-20
2006,166,105,2.0,2026-06-08
2007,47,134,1.0,2026-01-10
2008,210,111,2.0,12/01/2026
2009,248,131,1.0,2026-05-14
2010,36,135,4.0,2026-01-01
2011,205,139,1.0,2026-01-31
2012,205,125,1.0,2026-06-29
2013,186,125,3.0,2026-03-19
2014,93,141,1.0,2026-05-12
2015,118,145,1.0,2026-03-30
2016,210,149,1.0,2026-01-17
2017,39,121,1.0,2026-02-03
2018,208,126,4.0,2026-05-18
2019,231,120,3.0,2026-01-18
2020,171,132,1.0,2026-04-18
2021,86,108,3.0,2026-03-04
2022,140,126,3.0,2026-03-09
2023,13,112,2.0,2026-06-22
2024,233,132,2.0,2026-04-20
2025,86,152,5.0,2026-04-22
2026,15,160,2.0,2026-03-05
2027,199,127,2.0,2026-03-11
2028,165,104,2.0,2026-05-05
2029,156,114,4.0,2026-01-08
2030,14,107,3.0,2026-02-12
2031,188,146,1.0,2026-04-19
2032,160,160,2.0,2026-04-23
2033,199,134,3.0,2026-01-17
2034,207,111,1.0,2026-05-23
2035,53,102,5.0,2026-04-09
2036,53,159,4.0,2026-02-13
2037,231,119,4.0,2026-05-17
2038,133,107,1.0,2026-06-29
2039,110,111,2.0,2026-03-18
2040,72,116,2.0,2026-02-21
2041,160,140,3.0,24/02/2026
2042,189,154,4.0,2026-04-18
2043,1,117,1.0,09/01/2026
2044,139,142,2.0,2026-03-29
2045,249,104,3.0,2026-01-05
2046,71,101,4.0,2026-01-07
2047,71,104,4.0,2026-03-19
2048,220,156,1.0,2026-05-15
2049,16,135,5.0,2026-06-09
2050,100,149,1.0,2026-01-16
2051,115,102,2.0,2026-02-14
2052,200,102,2.0,18/03/2026
2053,33,151,1.0,2026-04-14
2054,109,107,2.0,2026-06-28
2055,39,110,2.0,2026-05-04
2056,197,132,2.0,2026-04-08
2057,159,137,1.0,2026-01-12
2058,125,114,1.0,2026-01-15
2059,99,127,1.0,2026-01-28
2060,39,141,3.0,2026-04-30
2061,231,127,1.0,2026-03-01
2062,162,123,2.0,2026-02-13
2063,80,105,3.0,2026-05-02
2064,104,128,4.0,2026-05-28
2065,182,149,1.0,2026-03-21
2066,180,138,5.0,2026-06-09
2067,116,154,1.0,2026-05-13
2068,76,108,1.0,2026-05-10
2069,165,101,1.0,2026-06-07
2070,165,133,1.0,2026-02-03
2071,150,111,4.0,2026-05-18
2072,19,136,1.0,2026-06-23
2073,119,155,3.0,2026-06-29
2074,154,121,2.0,2026-04-15
2075,238,133,1.0,2026-05-17
2076,132,141,2.0,10/06/2026
2077,86,110,1.0,2026-06-04
2078,139,154,2.0,2026-06-12
2079,45,113,2.0,2026-05-31
2080,23,149,2.0,2026-03-11
2081,170,140,1.0,2026-05-13
2082,247,109,4.0,2026-03-16
2083,212,144,2.0,2026-05-26
2084,146,112,1.0,2026-05-27
2085,11,136,2.0,2026-06-19
2086,247,158,1.0,2026-04-17
2087,113,158,5.0,2026-03-28
2088,73,153,4.0,2026-01-30
2089,224,130,1.0,2026-04-26
2090,187,134,3.0,2026-04-13
2091,188,119,3.0,2026-04-04
2092,70,156,2.0,2026-05-03
2093,248,129,1.0,2026-06-04
2094,114,147,5.0,27/01/2026
2095,133,122,5.0,2026-03-20
2096,188,145,5.0,2026-05-11
2097,165,114,5.0,29/05/2026
2098,44,145,5.0,2026-05-21
2099,76,103,3.0,2026-05-25
2100,91,107,1.0,2026-06-04
2101,237,122,2.0,2026-06-24
2102,179,129,1.0,2026-04-21
2103,92,143,1.0,2026-02-15
2104,184,122,4.0,2026-04-13
2105,185,102,4.0,2026-05-09
2106,99,120,2.0,2026-01-19
2107,101,127,3.0,18/05/2026
2108,224,133,1.0,2026-04-09
2109,141,139,1.0,2026-06-19
2110,38,115,4.0,2026-02-08
2111,180,137,2.0,2026-06-14
2112,148,138,2.0,2026-03-23
2113,128,147,2.0,2026-04-14
2114,182,132,1.0,2026-04-30
2115,227,149,4.0,2026-04-15
2116,83,114,4.0,2026-06-13
2117,105,143,3.0,2026-01-31
2118,48,103,1.0,13/05/2026
2119,162,107,3.0,2026-06-26
2120,101,152,5.0,2026-02-09
2121,86,129,3.0,2026-02-16
2122,175,138,2.0,2026-03-27
2123,103,137,1.0,2026-05-12
2124,117,142,2.0,2026-06-23
2125,111,115,1.0,2026-05-25
2126,65,111,2.0,2026-05-24
2127,32,103,1.0,2026-03-21
2128,207,152,1.0,2026-04-27
2129,23,114,4.0,2026-02-08
2130,82,135,2.0,2026-03-25
2131,167,128,2.0,2026-02-04
2132,33,110,2.0,2026-01-05
2133,164,125,2.0,2026-06-05
2134,184,105,4.0,2026-05-26
2135,166,111,1.0,2026-04-03
2136,77,109,4.0,2026-01-03
2137,5,150,1.0,2026-01-17
2138,222,135,1.0,2026-01-21
2139,82,156,2.0,2026-05-10
2140,202,127,5.0,2026-02-06
2141,50,113,1.0,2026-02-15
2142,41,137,2.0,2026-06-05
2143,195,156,1.0,2026-06-08
2144,235,132,1.0,2026-05-19
2145,216,102,4.0,2026-02-26
2146,188,119,3.0,2026-04-15
2147,62,156,2.0,2026-02-06
2148,229,132,2.0,2026-06-05
2149,167,158,2.0,2026-01-16
2150,44,131,1.0,2026-05-15
2151,33,101,2.0,2026-04-03
2152,218,153,1.0,2026-05-18
2153,69,146,4.0,2026-03-23
2154,192,143,2.0,2026-01-29
2155,35,159,1.0,2026-05-16
2156,71,112,2.0,2026-04-25
2157,71,155,4.0,2026-03-26
2158,71,114,1.0,2026-03-09
2159,169,159,5.0,2026-03-04
2160,229,112,2.0,2026-03-29
2161,228,134,3.0,2026-02-17
2162,186,148,5.0,2026-02-21
2163,51,105,2.0,2026-02-20
2164,241,105,1.0,2026-01-03
2165,136,151,3.0,2026-06-17
2166,137,104,1.0,2026-02-12
2167,176,137,2.0,30/01/2026
2168,193,157,5.0,2026-01-28
2169,239,137,2.0,2026-06-28
2170,146,129,3.0,2026-03-28
2171,153,126,2.0,2026-03-01
2172,187,139,1.0,2026-03-15
2173,64,135,1.0,16/01/2026
2174,77,131,2.0,2026-02-26
2175,157,110,1.0,2026-02-15
2176,17,140,2.0,2026-05-26
2177,81,145,2.0,2026-01-11
2178,180,143,4.0,2026-03-19
2179,245,105,1.0,2026-05-23
2180,130,143,4.0,2026-05-31
2181,100,144,2.0,2026-04-03
2182,111,112,3.0,2026-02-10
2183,172,151,2.0,2026-03-02
2184,137,132,1.0,2026-02-10
2185,6,129,5.0,2026-04-30
2186,135,144,1.0,2026-02-22
2187,101,131,1.0,2026-04-25
2188,176,133,4.0,2026-04-29
2189,219,119,2.0,2026-06-20
2190,241,156,5.0,2026-03-09
2191,153,159,2.0,2026-06-23
2192,91,108,1.0,2026-03-14
2193,111,144,1.0,2026-05-04
2194,45,102,2.0,2026-04-30
2195,234,123,1.0,2026-05-29
2196,212,159,5.0,2026-03-26
2197,214,111,1.0,2026-05-24
2198,83,123,5.0,2026-03-06
2199,81,114,1.0,2026-03-30
2200,215,144,1.0,2026-04-01
2201,137,128,1.0,08/05/2026
2202,177,136,1.0,2026-04-22
2203,123,157,2.0,2026-01-15
2204,111,132,1.0,2026-05-27
2205,159,145,2.0,2026-05-18
2206,204,106,2.0,2026-01-19
2207,84,113,1.0,2026-06-24
2208,203,157,1.0,2026-04-30
2209,62,152,1.0,2026-01-16
2210,101,140,1.0,2026-03-30
2211,229,123,1.0,2026-06-01
2212,239,112,1.0,2026-02-20
2213,231,152,2.0,18/06/2026
2214,80,148,1.0,2026-03-17
2215,211,115,1.0,2026-02-10
2216,235,136,2.0,2026-03-06
2217,245,138,2.0,2026-04-05
2218,6,129,1.0,2026-05-05
2219,187,156,1.0,2026-06-17
2220,250,108,2.0,2026-02-05
2221,192,116,1.0,2026-06-23
2222,59,106,2.0,2026-04-06
2223,191,142,,2026-01-24
2224,27,139,2.0,2026-06-17
2225,121,160,1.0,2026-03-05
2226,157,133,3.0,2026-04-23
2227,115,110,1.0,2026-05-07
2228,175,128,1.0,2026-01-03
2229,61,106,1.0,2026-02-10
2230,152,141,5.0,2026-05-05
2231,162,141,5.0,2026-02-28
2232,159,152,2.0,2026-01-02
2233,73,121,2.0,2026-01-05
2234,77,119,3.0,2026-05-30
2235,65,105,2.0,2026-01-28
2236,116,125,2.0,2026-01-19
2237,147,129,5.0,2026-04-12
2238,91,146,3.0,2026-01-22
2239,103,146,1.0,2026-04-29
2240,72,109,2.0,2026-04-09
2241,55,118,5.0,2026-04-28
2242,165,131,2.0,2026-03-30
2243,205,121,1.0,2026-05-21
2244,73,102,4.0,2026-04-27
2245,216,151,2.0,2026-03-17
2246,143,144,2.0,2026-01-03
2247,42,132,2.0,2026-02-19
2248,92,120,1.0,2026-01-24
2249,2,151,2.0,2026-01-03
2250,10,103,2.0,2026-02-19
2251,85,127,5.0,2026-02-07
2252,114,149,1.0,2026-01-14
2253,200,158,1.0,2026-02-26
2254,34,116,2.0,2026-04-02
2255,210,140,5.0,2026-02-02
2256,59,112,2.0,2026-02-19
2257,35,107,2.0,2026-01-04
2258,175,122,3.0,2026-01-10
2259,194,154,3.0,2026-01-29
2260,152,142,1.0,2026-03-23
2261,29,130,5.0,2026-05-01
2262,29,117,2.0,2026-05-23
2263,98,109,1.0,2026-04-24
2264,113,117,2.0,22/04/2026
2265,250,110,5.0,2026-06-19
2266,72,112,2.0,2026-02-16
2267,49,142,2.0,2026-05-25
2268,237,108,2.0,2026-06-19
2269,39,103,3.0,13/04/2026
2270,7,133,4.0,2026-06-02
2271,106,118,1.0,2026-01-25
2272,101,128,2.0,2026-06-09
2273,155,109,2.0,2026-04-13
2274,220,113,1.0,2026-02-10
2275,234,127,3.0,2026-01-12
2276,73,142,1.0,2026-05-11
2277,246,125,2.0,2026-03-19
2278,159,133,1.0,2026-02-26
2279,18,132,1.0,2026-03-12
2280,235,117,4.0,2026-06-29
2281,35,117,1.0,2026-03-19
2282,148,126,1.0,2026-01-15
2283,198,102,4.0,2026-02-20
2284,63,142,5.0,2026-01-27
2285,68,137,1.0,2026-05-05
2286,120,119,1.0,2026-05-25
2287,222,123,3.0,2026-06-02
2288,56,120,4.0,2026-04-25
2289,166,140,5.0,2026-05-20
2290,114,146,2.0,2026-03-17
2291,28,107,1.0,2026-04-24
2292,178,125,4.0,2026-01-20
2293,209,101,1.0,2026-04-08
2294,144,128,1.0,2026-04-11
2295,45,115,3.0,2026-01-06
2296,39,121,2.0,2026-04-10
2297,106,128,1.0,2026-05-11
2298,127,120,1.0,08/03/2026
2299,139,124,2.0,2026-04-09
2300,61,146,1.0,2026-02-21
2301,126,149,3.0,2026-02-19
2302,74,101,2.0,2026-01-24
2303,172,123,2.0,2026-03-01
2304,200,151,2.0,2026-05-26
2305,164,132,1.0,19/06/2026
2306,1,113,1.0,2026-04-26
2307,249,136,3.0,2026-04-24
2308,6,109,2.0,2026-04-22
2309,250,102,2.0,2026-03-28
2310,8,138,2.0,2026-03-18
2311,130,131,1.0,2026-04-23
2312,27,146,5.0,2026-05-22
2313,24,121,2.0,2026-03-16
2314,171,152,3.0,2026-04-13
2315,182,126,5.0,2026-03-27
2316,30,145,5.0,2026-02-21
2317,245,107,3.0,2026-02-22
2318,81,106,4.0,2026-01-15
2319,80,147,2.0,2026-03-21
2320,75,151,3.0,2026-05-09
2321,116,157,1.0,2026-05-05
2322,45,120,3.0,2026-06-28
2323,107,102,1.0,2026-01-08
2324,53,159,5.0,2026-05-18
2325,13,137,1.0,2026-05-24
2326,93,115,3.0,2026-03-20
2327,169,146,1.0,2026-02-21
2328,191,155,1.0,2026-03-06
2329,89,118,5.0,2026-05-04
2330,81,147,4.0,2026-06-06
2331,197,148,1.0,2026-04-27
2332,171,131,1.0,2026-04-04
2333,209,138,4.0,2026-04-29
2334,227,117,5.0,2026-01-13
2335,206,156,1.0,2026-04-21
2336,235,159,3.0,2026-01-08
2337,105,159,1.0,2026-06-23
2338,99,145,3.0,2026-06-10
2339,81,103,2.0,2026-04-03
2340,59,122,1.0,09/03/2026
2341,188,127,1.0,2026-05-13
2342,179,158,2.0,2026-04-26
2343,201,133,4.0,2026-05-08
2344,42,133,1.0,2026-04-04
2345,123,109,5.0,2026-02-12
2346,56,148,3.0,2026-01-14
2347,224,121,5.0,2026-02-21
2348,67,106,5.0,2026-04-06
2349,36,160,1.0,2026-03-18
2350,143,112,1.0,2026-04-02
2351,220,101,4.0,2026-02-20
2352,229,105,1.0,2026-06-19
2353,25,128,1.0,2026-03-08
2354,82,107,2.0,2026-06-03
2355,39,151,5.0,2026-03-12
2356,77,131,4.0,2026-03-22
2357,134,120,2.0,2026-04-20
2358,71,101,1.0,2026-02-17
2359,17,129,1.0,2026-02-09
2360,128,110,3.0,2026-03-10
2361,14,159,1.0,2026-05-26
2362,57,118,2.0,2026-01-27
2363,1,129,1.0,2026-03-21
2364,22,102,1.0,2026-05-02
2365,110,108,1.0,2026-05-08
2366,213,113,3.0,2026-03-20
2367,194,104,5.0,2026-01-15
2368,25,144,1.0,2026-01-03
2369,9,157,4.0,2026-03-27
2370,85,160,3.0,2026-05-27
2371,164,116,5.0,2026-01-06
2372,187,148,5.0,2026-06-10
2373,206,131,1.0,2026-05-03
2374,86,103,3.0,2026-01-02
2375,43,106,2.0,2026-03-04
2376,7,133,1.0,2026-02-09
2377,37,126,1.0,2026-06-21
2378,17,101,5.0,2026-04-11
2379,216,156,2.0,2026-02-28
2380,68,144,1.0,20/02/2026
2381,206,131,1.0,2026-04-13
2382,139,160,4.0,2026-01-01
2383,135,159,1.0,16/02/2026
2384,114,159,1.0,2026-01-30
2385,205,116,2.0,2026-04-23
2386,11,153,5.0,2026-05-02
2387,24,131,1.0,2026-03-26
2388,106,144,1.0,2026-01-26
2389,99,152,2.0,2026-03-09
2390,137,110,1.0,2026-06-02
2391,185,127,3.0,2026-02-06
2392,147,108,1.0,2026-01-30
2393,65,117,1.0,2026-01-21
2394,82,125,1.0,2026-05-28
2395,189,152,5.0,2026-01-22
2396,51,152,5.0,2026-04-16
2397,127,124,2.0,2026-06-30
2398,135,120,2.0,2026-04-27
2399,188,132,4.0,2026-03-16
2400,179,155,1.0,2026-02-07
2401,117,159,3.0,2026-01-01
2402,78,114,3.0,2026-01-29
2403,92,112,3.0,2026-06-22
2404,103,143,1.0,2026-01-26
2405,55,119,3.0,2026-01-04
2406,157,112,2.0,2026-05-28
2407,53,102,5.0,2026-03-17
2408,163,125,1.0,2026-03-06
2409,188,124,2.0,2026-05-10
2410,241,134,4.0,2026-04-05
2411,30,113,1.0,2026-06-15
2412,190,143,3.0,2026-03-26
2413,22,141,1.0,2026-05-10
2414,85,128,3.0,2026-06-09
2415,45,111,2.0,2026-03-25
2416,41,131,1.0,2026-02-21
2417,44,141,1.0,2026-06-26
2418,11,123,3.0,2026-02-11
2419,206,116,1.0,2026-01-08
2420,16,131,2.0,2026-04-15
2421,100,122,1.0,2026-06-28
2422,175,125,5.0,2026-01-16
2423,248,121,2.0,2026-06-03
2424,214,119,5.0,2026-05-31
2425,35,144,1.0,2026-06-18
2426,247,128,1.0,2026-03-18
2427,164,128,2.0,2026-02-16
2428,45,140,2.0,2026-04-03
2429,113,122,4.0,2026-01-26
2430,230,107,5.0,2026-06-02
2431,99,152,4.0,2026-05-01
2432,46,104,1.0,2026-03-29
2433,219,135,1.0,2026-04-04
2434,239,116,5.0,2026-05-09
2435,244,113,2.0,2026-04-05
2436,239,103,4.0,2026-06-02
2437,219,155,2.0,2026-06-17
2438,114,126,1.0,2026-06-21
2439,49,121,2.0,2026-04-23
2440,155,145,4.0,2026-05-15
2441,56,103,3.0,2026-02-26
2442,119,134,1.0,2026-01-07
2443,165,130,1.0,2026-03-14
2444,237,134,4.0,2026-06-07
2445,73,108,5.0,2026-01-25
2446,63,158,4.0,2026-04-09
2447,184,115,1.0,2026-02-04
2448,2,141,2.0,2026-03-19
2449,142,145,4.0,2026-01-26
2450,187,121,3.0,2026-05-13
2451,138,108,2.0,2026-05-27
2452,96,118,2.0,2026-05-18
2453,208,149,1.0,2026-05-08
2454,93,155,1.0,2026-02-12
2455,178,157,3.0,2026-04-06
2456,117,114,1.0,2026-01-19
2457,7,137,1.0,2026-03-09
2458,133,110,2.0,2026-04-02
2459,13,143,4.0,2026-05-01
2460,233,125,3.0,2026-01-18
2461,151,143,2.0,2026-05-28
2462,94,142,2.0,2026-03-25
2463,122,160,1.0,2026-06-09
2464,155,130,1.0,2026-04-06
2465,66,121,1.0,2026-04-10
2466,73,132,4.0,06/05/2026
2467,105,110,4.0,2026-05-29
2468,65,107,1.0,2026-01-29
2469,190,132,1.0,2026-04-03
2470,26,150,1.0,2026-01-06
2471,207,132,5.0,2026-03-27
2472,88,147,2.0,2026-05-28
2473,141,111,4.0,2026-06-06
2474,40,127,2.0,2026-02-21
2475,97,137,3.0,2026-03-11
2476,189,121,2.0,2026-04-10
2477,68,101,1.0,2026-03-13
2478,34,105,5.0,2026-02-02
2479,131,156,3.0,2026-02-25
2480,41,137,4.0,2026-03-15
2481,79,116,5.0,2026-04-04
2482,113,116,1.0,2026-06-16
2483,142,103,1.0,09/04/2026
2484,160,157,2.0,2026-03-12
2485,170,107,1.0,2026-04-30
2486,212,146,2.0,2026-05-20
2487,17,115,1.0,2026-03-19
2488,91,121,2.0,2026-03-30
2489,1,117,2.0,2026-02-09
2490,3,150,1.0,2026-06-06
2491,54,102,3.0,2026-06-06
2492,150,122,2.0,2026-02-01
2493,224,117,2.0,2026-03-04
2494,194,117,1.0,2026-02-19
2495,162,112,2.0,2026-06-17
2496,195,155,1.0,2026-01-12
2497,43,123,1.0,2026-02-07
2498,210,126,2.0,2026-02-26
2499,223,124,1.0,2026-04-12
2500,24,159,2.0,2026-02-15
2501,118,121,1.0,2026-04-08
2502,208,121,4.0,2026-05-16
2503,120,120,4.0,2026-05-30
2504,211,120,1.0,2026-01-18
2505,234,106,2.0,2026-01-26
2506,119,137,3.0,2026-01-18
2507,15,102,2.0,2026-06-14
2508,86,114,2.0,2026-04-29
2509,54,113,4.0,2026-04-07
2510,119,118,2.0,2026-05-24
2511,147,146,1.0,2026-04-17
2512,116,136,1.0,2026-02-12
2513,49,160,1.0,2026-04-03
2514,76,122,2.0,2026-05-08
2515,170,156,1.0,2026-01-07
2516,7,103,1.0,2026-04-20
2517,54,131,5.0,2026-03-31
2518,224,148,1.0,2026-01-13
2519,25,132,3.0,2026-02-17
2520,104,156,3.0,2026-03-23
2521,52,119,2.0,2026-03-04
2522,27,102,5.0,2026-02-22
2523,106,147,1.0,2026-04-28
2524,131,105,1.0,2026-03-15
2525,45,146,1.0,2026-04-01
2526,20,145,2.0,2026-05-25
2527,34,151,3.0,2026-01-17
2528,163,129,5.0,2026-03-07
2529,216,154,2.0,2026-01-14
2530,46,111,1.0,2026-06-17
2531,81,127,5.0,03/02/2026
2532,86,108,3.0,2026-05-29
2533,91,147,4.0,2026-02-04
2534,62,143,2.0,2026-02-28
2535,14,149,2.0,2026-04-21
2536,132,146,2.0,2026-05-31
2537,90,119,3.0,2026-02-02
2538,86,105,1.0,2026-02-08
2539,67,156,5.0,2026-06-09
2540,233,130,1.0,2026-02-28
2541,153,106,2.0,2026-02-07
2542,105,156,1.0,2026-05-15
2543,52,160,3.0,2026-01-17
2544,201,127,3.0,2026-06-06
2545,223,147,5.0,2026-06-08
2546,9,103,4.0,2026-06-05
2547,233,106,1.0,2026-02-23
2548,175,117,1.0,2026-01-21
2549,25,140,5.0,2026-03-19
2550,189,109,2.0,2026-03-02
2551,27,103,1.0,2026-06-23
2552,13,141,4.0,2026-04-25
2553,29,147,3.0,2026-06-20
2554,115,145,1.0,2026-05-16
2555,155,148,4.0,2026-05-10
2556,102,149,2.0,2026-01-21
2557,31,137,2.0,2026-01-13
2558,50,132,4.0,2026-01-09
2559,214,152,2.0,2026-04-18
2560,241,121,2.0,2026-02-06
2561,189,106,2.0,2026-06-29
2562,26,146,1.0,2026-01-25
2563,205,117,1.0,21/06/2026
2564,173,159,4.0,2026-05-01
2565,132,125,1.0,2026-01-20
2566,36,152,2.0,2026-01-11
2567,250,103,1.0,2026-03-13
2568,111,140,1.0,2026-03-03
2569,12,127,2.0,2026-02-27
2570,53,128,4.0,2026-04-06
2571,101,116,2.0,2026-01-24
2572,16,159,1.0,2026-01-24
2573,81,124,1.0,2026-05-06
2574,118,152,1.0,2026-06-29
2575,238,126,5.0,2026-02-19
2576,22,103,1.0,2026-06-18
2577,145,153,1.0,2026-03-04
2578,229,112,1.0,2026-03-02
2579,202,117,2.0,2026-01-17
2580,232,152,5.0,2026-03-18
2581,43,154,2.0,2026-04-01
2582,201,156,3.0,2026-05-01
2583,245,126,1.0,2026-01-29
2584,82,146,1.0,2026-02-04
2585,125,120,3.0,2026-03-20
2586,133,145,1.0,2026-01-13
2587,124,131,2.0,2026-01-26
2588,73,104,1.0,2026-04-24
2589,243,126,1.0,2026-06-22
2590,240,129,2.0,2026-04-14
2591,96,116,5.0,2026-01-27
2592,202,123,1.0,2026-06-29
2593,100,131,4.0,2026-04-05
2594,199,103,2.0,2026-05-10
2595,147,110,3.0,2026-02-05
2596,118,147,1.0,2026-04-15
2597,33,122,4.0,14/01/2026
2598,164,137,1.0,2026-04-24
2599,81,134,5.0,2026-02-06
2600,55,134,3.0,14/06/2026
2601,49,125,1.0,2026-01-10
2602,246,129,1.0,2026-04-29
2603,26,150,2.0,2026-01-26
2604,200,158,1.0,2026-05-05
2605,217,116,2.0,2026-03-31
2606,8,141,4.0,25/06/2026
2607,148,159,1.0,2026-04-28
2608,145,101,1.0,2026-03-09
2609,90,148,1.0,16/01/2026
2610,167,130,1.0,2026-04-18
2611,103,159,1.0,2026-03-21
2612,110,135,1.0,2026-01-10
2613,108,151,3.0,16/04/2026
2614,201,110,1.0,2026-02-08
2615,159,109,4.0,2026-02-12
2616,95,156,4.0,2026-01-02
2617,232,132,4.0,2026-03-09
2618,201,134,2.0,2026-02-09
2619,234,111,1.0,2026-01-14
2620,183,114,5.0,2026-03-20
2621,98,150,1.0,2026-02-09
2622,194,119,2.0,2026-01-25
2623,83,136,2.0,2026-03-26
2624,68,119,3.0,2026-01-12
2625,113,116,2.0,2026-06-29
2626,243,110,4.0,2026-03-27
2627,142,156,5.0,2026-06-30
2628,96,157,2.0,2026-06-09
2629,116,107,4.0,2026-06-27
2630,73,122,1.0,2026-04-09
2631,165,134,5.0,2026-03-18
2632,88,123,,2026-05-11
2633,139,144,4.0,2026-01-15
2634,93,116,2.0,02/06/2026
2635,81,104,5.0,2026-02-28
2636,243,121,1.0,2026-01-02
2637,87,136,2.0,2026-02-13
2638,18,111,5.0,2026-02-13
2639,95,149,1.0,2026-01-03
2640,134,101,1.0,2026-05-02
2641,24,105,1.0,2026-01-18
2642,77,131,1.0,2026-06-03
2643,42,131,2.0,2026-03-24
2644,126,118,2.0,2026-05-11
2645,181,116,1.0,2026-03-03
2646,243,105,1.0,2026-01-24
2647,98,140,1.0,2026-02-02
2648,216,123,5.0,2026-04-27
2649,54,108,5.0,2026-05-10
2650,196,124,1.0,2026-02-18
2651,141,157,1.0,2026-03-06
2652,190,116,1.0,2026-06-21
2653,189,154,5.0,2026-06-04
2654,134,116,3.0,2026-03-16
2655,65,112,4.0,2026-02-13
2656,132,116,1.0,2026-02-24
2657,207,120,3.0,2026-04-08
2658,243,108,1.0,2026-04-13
2659,232,136,3.0,2026-02-03
2660,46,121,2.0,2026-01-12
2661,150,144,1.0,2026-03-31
2662,27,130,3.0,2026-05-25
2663,168,127,3.0,2026-01-28
2664,249,129,2.0,2026-03-15
2665,14,110,1.0,2026-01-30
2666,165,143,1.0,2026-02-13
2667,237,107,5.0,2026-04-21
2668,212,144,1.0,2026-02-21
2669,99,160,1.0,2026-02-17
2670,26,146,3.0,2026-06-30
2671,231,128,1.0,2026-02-01
2672,231,119,2.0,2026-02-04
2673,145,153,3.0,2026-06-18
2674,245,116,2.0,2026-04-10
2675,2,129,3.0,2026-01-08
2676,155,147,1.0,2026-03-18
2677,10,156,2.0,2026-04-13
2678,234,156,2.0,2026-02-15
2679,171,106,3.0,2026-04-10
2680,229,154,1.0,2026-04-28
2681,141,107,1.0,2026-02-15
2682,21,136,4.0,2026-05-28
2683,7,156,3.0,2026-03-23
2684,84,140,4.0,2026-06-24
2685,186,157,1.0,2026-01-16
2686,38,121,5.0,2026-02-28
2687,214,119,1.0,2026-05-11
2688,60,120,3.0,2026-06-11
2689,125,122,1.0,2026-02-10
2690,51,141,5.0,2026-06-27
2691,117,128,1.0,2026-02-05
2692,114,145,4.0,2026-03-17
2693,2,125,1.0,2026-02-26
2694,142,119,4.0,2026-03-18
2695,197,112,2.0,2026-06-13
2696,235,134,1.0,2026-05-13
2697,83,154,1.0,2026-05-25
2698,221,152,3.0,2026-02-15
2699,220,116,1.0,2026-06-21
2700,248,129,1.0,2026-03-20
2701,94,143,2.0,2026-04-29
2702,213,137,1.0,2026-05-07
2703,142,105,1.0,2026-04-30
2704,15,136,2.0,2026-04-19
2705,68,103,3.0,2026-03-28
2706,169,107,3.0,2026-04-28
2707,41,140,5.0,2026-06-13
2708,109,107,1.0,2026-03-12
2709,194,121,2.0,2026-04-03
2710,38,136,1.0,2026-02-02
2711,125,140,5.0,2026-03-06
2712,54,127,2.0,2026-05-20
2713,135,106,1.0,26/04/2026
2714,61,148,3.0,2026-02-08
2715,242,157,1.0,2026-04-09
2716,20,154,1.0,2026-05-27
2717,241,145,3.0,2026-01-23
2718,198,125,2.0,2026-01-12
2719,214,153,4.0,2026-03-13
2720,213,130,2.0,2026-04-29
2721,47,109,4.0,2026-02-26
2722,233,152,2.0,2026-05-29
2723,149,120,1.0,2026-06-03
2724,241,157,1.0,2026-04-07
2725,220,123,4.0,2026-03-10
2726,145,153,1.0,2026-01-08
2727,94,133,2.0,2026-05-29
2728,30,129,1.0,2026-06-12
2729,26,118,1.0,2026-03-22
2730,98,151,2.0,2026-04-04
2731,203,104,1.0,2026-05-17
2732,127,129,2.0,2026-05-06
2733,121,123,5.0,2026-01-25
2734,62,133,1.0,2026-05-02
2735,142,116,1.0,2026-06-17
2736,160,140,1.0,2026-05-16
2737,246,124,4.0,2026-03-28
2738,183,112,2.0,2026-04-05
2739,152,112,3.0,2026-02-17
2740,228,142,1.0,2026-04-30
2741,107,116,3.0,13/02/2026
2742,234,119,1.0,2026-03-03
2743,93,138,3.0,2026-02-17
2744,32,120,1.0,2026-03-02
2745,105,124,4.0,2026-03-08
2746,33,115,1.0,2026-01-16
2747,30,121,1.0,2026-05-10
2748,221,142,1.0,2026-03-21
2749,199,133,1.0,2026-06-21
2750,56,160,1.0,2026-02-02
2751,210,147,2.0,2026-05-02
2752,18,102,1.0,2026-02-02
2753,72,123,1.0,2026-04-10
2754,177,118,4.0,2026-03-30
2755,76,136,1.0,2026-03-23
2756,183,116,2.0,2026-04-29
2757,219,158,1.0,2026-05-30
2758,17,118,2.0,2026-02-27
2759,6,132,1.0,2026-06-03
2760,236,108,1.0,2026-02-03
2761,131,155,1.0,2026-02-23
2762,127,155,4.0,2026-02-26
2763,116,148,1.0,2026-06-22
2764,109,122,4.0,2026-01-22
2765,173,104,5.0,2026-03-13
2766,145,143,2.0,2026-03-18
2767,41,126,1.0,2026-05-25
2768,157,160,4.0,2026-03-29
2769,168,142,5.0,2026-06-24
2770,29,133,1.0,2026-05-14
2771,95,160,5.0,2026-05-08
2772,198,149,5.0,17/05/2026
2773,155,128,1.0,2026-01-30
2774,35,102,1.0,2026-03-23
2775,11,106,3.0,2026-04-17
2776,146,127,1.0,2026-02-07
2777,116,134,2.0,2026-01-22
2778,241,102,1.0,2026-01-25
2779,131,108,3.0,2026-05-23
2780,233,143,1.0,2026-04-29
2781,54,146,1.0,2026-02-20
2782,112,102,1.0,2026-05-14
2783,35,131,1.0,2026-05-06
2784,144,105,2.0,2026-05-28
2785,48,144,1.0,2026-06-14
2786,124,151,4.0,2026-06-09
2787,87,153,2.0,2026-02-02
2788,47,136,1.0,2026-05-20
2789,25,138,5.0,2026-03-13
2790,129,156,3.0,2026-03-14
2791,237,137,3.0,2026-04-28
2792,50,127,1.0,2026-04-19
2793,102,146,3.0,2026-03-17
2794,57,136,2.0,2026-06-30
2795,203,151,5.0,2026-02-01
2796,104,132,2.0,2026-01-18
2797,244,153,3.0,2026-01-06
2798,62,103,1.0,2026-05-28
2799,21,103,1.0,2026-03-15
2800,146,106,1.0,2026-03-21
1101,240,106,1.0,03/05/2026
1778,195,123,2.0,28/02/2026
2501,118,121,1.0,2026-04-08
